<PAMDataset>
  <Metadata>
    <MDI key="DataType">Generic</MDI>
  </Metadata>
  <Metadata domain="Esri">
    <MDI key="PyramidResamplingType">NEAREST</MDI>
  </Metadata>
  <PAMRasterBand band="1">
    <Histograms>
      <HistItem>
        <HistMin>1414</HistMin>
        <HistMax>2096</HistMax>
        <BucketCount>256</BucketCount>
        <IncludeOutOfRange>1</IncludeOutOfRange>
        <Approximate>0</Approximate>
        <HistCounts>1|0|0|0|0|0|0|0|0|0|0|0|0|0|0|0|0|0|0|0|0|0|0|0|0|0|0|0|0|0|0|0|0|0|0|1|0|0|0|0|0|0|0|0|0|0|0|0|0|1|1|0|2|1|0|1|0|2|1|2|0|0|0|1|0|0|1|0|7|2|2|2|4|0|4|2|2|1|7|2|5|0|3|4|8|8|5|11|11|6|12|16|6|18|14|8|20|18|9|30|25|17|31|41|29|42|48|36|42|36|29|42|35|24|41|42|29|49|44|15|36|27|20|27|28|16|41|29|38|22|33|42|29|43|58|27|42|42|38|67|48|23|38|58|29|38|44|33|69|62|36|47|57|45|41|60|25|35|48|38|43|48|24|42|54|36|53|52|31|68|58|68|49|78|75|58|86|88|64|111|117|80|141|161|112|163|189|131|238|269|157|242|229|166|242|299|200|359|370|269|408|457|344|530|566|385|608|635|445|694|736|466|713|803|828|565|877|841|587|938|907|623|998|1085|752|1064|1129|737|1175|1221|838|1128|1111|818|1197|1276|863|1435|1413|952|1770|1644|1151|1682|1462|1032|1161|536|271|333|73|18|13|12|4|1</HistCounts>
      </HistItem>
    </Histograms>
    <Metadata>
      <MDI key="RepresentationType">ATHEMATIC</MDI>
      <MDI key="STATISTICS_COVARIANCES">5466.962563095127</MDI>
      <MDI key="STATISTICS_MAXIMUM">2096</MDI>
      <MDI key="STATISTICS_MEAN">2000.6919051544</MDI>
      <MDI key="STATISTICS_MINIMUM">1414</MDI>
      <MDI key="STATISTICS_SKIPFACTORX">1</MDI>
      <MDI key="STATISTICS_SKIPFACTORY">1</MDI>
      <MDI key="STATISTICS_STDDEV">73.938911021837</MDI>
    </Metadata>
  </PAMRasterBand>
</PAMDataset>
