<PAMDataset>
  <Metadata domain="Esri">
    <MDI key="PyramidResamplingType">NEAREST</MDI>
  </Metadata>
  <PAMRasterBand band="1">
    <Histograms>
      <HistItem>
        <HistMin>0</HistMin>
        <HistMax>3862.593017578125</HistMax>
        <BucketCount>256</BucketCount>
        <IncludeOutOfRange>1</IncludeOutOfRange>
        <Approximate>0</Approximate>
        <HistCounts>8703|12000|7383|4997|3844|2250|1236|473|61|37|26|18|22|9|13|10|5|9|5|5|4|3|3|5|6|2|4|3|2|1|5|2|4|5|7|4|4|2|2|2|6|5|0|3|2|5|2|3|0|3|2|0|4|5|5|2|2|2|3|5|2|4|3|3|1|1|2|2|4|3|1|4|2|1|3|3|5|2|3|3|4|2|2|2|3|3|2|1|4|0|2|0|2|1|1|4|5|0|2|1|4|0|0|3|1|2|0|0|1|1|1|0|1|2|1|1|4|0|1|2|4|39|0|0|0|0|0|0|0|0|0|0|1|0|0|0|0|0|1|1|0|0|0|0|0|1|0|0|0|0|0|1|1|0|0|0|0|0|0|0|0|0|2|0|0|0|0|0|0|0|0|0|0|0|0|0|0|0|0|0|0|0|0|0|0|0|1|0|0|1|0|0|0|0|0|0|0|0|0|1|0|0|0|0|0|0|0|0|0|0|0|0|0|0|0|0|0|0|0|0|0|0|0|0|0|0|0|0|1|0|0|0|0|0|0|0|0|0|0|1|0|0|0|0|0|0|0|0|0|0|0|0|0|0|0|1</HistCounts>
      </HistItem>
    </Histograms>
    <Metadata>
      <MDI key="RepresentationType">ATHEMATIC</MDI>
      <MDI key="STATISTICS_COVARIANCES">12245.52630620956</MDI>
      <MDI key="STATISTICS_MAXIMUM">3862.5930175781</MDI>
      <MDI key="STATISTICS_MEAN">45.924881389228</MDI>
      <MDI key="STATISTICS_MINIMUM">0</MDI>
      <MDI key="STATISTICS_SKIPFACTORX">1</MDI>
      <MDI key="STATISTICS_SKIPFACTORY">1</MDI>
      <MDI key="STATISTICS_STDDEV">110.6595061719</MDI>
    </Metadata>
  </PAMRasterBand>
</PAMDataset>
