<PAMDataset>
  <Metadata />
  <Metadata domain="Esri">
    <MDI key="PyramidResamplingType">NEAREST</MDI>
  </Metadata>
  <PAMRasterBand band="1">
    <Histograms>
      <HistItem>
        <HistMin>-5</HistMin>
        <HistMax>2605</HistMax>
        <BucketCount>256</BucketCount>
        <IncludeOutOfRange>1</IncludeOutOfRange>
        <Approximate>0</Approximate>
        <HistCounts>549|1257|1074|767|727|585|530|481|531|421|442|419|489|399|441|405|445|450|423|403|396|455|431|434|431|468|471|466|459|497|435|428|426|473|480|411|398|360|412|321|337|318|362|287|299|291|294|274|276|272|265|274|246|236|236|278|213|211|257|264|218|215|222|244|193|205|183|191|194|179|177|181|170|129|134|169|167|128|159|116|141|109|123|132|102|119|102|91|78|95|77|100|97|91|74|59|77|66|82|69|50|62|63|58|72|57|70|46|43|40|54|53|42|44|31|45|48|43|46|43|33|34|40|27|34|29|29|28|30|23|26|19|22|23|18|21|23|24|18|14|19|14|27|18|21|15|16|12|14|12|22|19|16|14|14|16|11|14|13|8|15|11|10|15|14|13|7|12|19|13|13|12|16|13|12|12|13|14|6|10|10|6|7|9|7|4|13|4|8|6|5|7|7|5|3|8|6|2|3|2|0|6|4|3|2|3|7|3|3|3|6|3|2|7|2|0|3|0|1|5|1|6|2|1|1|0|1|0|2|1|1|3|1|3|1|0|0|0|2|0|0|1|3|1|0|0|1|1|0|0|0|0|0|0|0|1</HistCounts>
      </HistItem>
    </Histograms>
    <Metadata>
      <MDI key="RepresentationType">THEMATIC</MDI>
      <MDI key="STATISTICS_COVARIANCES">138558.6721459388</MDI>
      <MDI key="STATISTICS_MAXIMUM">2605</MDI>
      <MDI key="STATISTICS_MEAN">410.93227139711</MDI>
      <MDI key="STATISTICS_MINIMUM">-5</MDI>
      <MDI key="STATISTICS_SKIPFACTORX">1</MDI>
      <MDI key="STATISTICS_SKIPFACTORY">1</MDI>
      <MDI key="STATISTICS_STDDEV">372.23470035173</MDI>
    </Metadata>
  </PAMRasterBand>
</PAMDataset>
