<PAMDataset>
  <Metadata />
  <Metadata domain="Esri">
    <MDI key="PyramidResamplingType">NEAREST</MDI>
  </Metadata>
  <PAMRasterBand band="1">
    <Histograms>
      <HistItem>
        <HistMin>0.2109516561031342</HistMin>
        <HistMax>63406.27734375</HistMax>
        <BucketCount>256</BucketCount>
        <IncludeOutOfRange>1</IncludeOutOfRange>
        <Approximate>0</Approximate>
        <HistCounts>18843|6392|1359|468|227|110|94|44|34|39|30|21|19|14|18|11|10|10|8|5|12|5|4|5|4|7|9|5|2|8|3|9|3|4|5|2|2|1|1|1|4|3|3|2|2|2|2|2|4|3|2|4|5|2|2|1|2|2|3|2|4|2|2|0|1|1|2|2|2|1|3|1|1|2|3|3|0|0|4|2|0|2|3|3|0|0|1|2|1|1|2|1|0|1|1|1|1|1|0|3|0|0|0|1|0|0|3|0|0|0|0|1|0|0|0|1|0|0|1|1|0|1|1|0|1|0|0|1|0|1|3|0|0|0|0|0|2|0|0|2|0|0|0|0|0|0|0|0|1|0|0|0|0|0|0|1|0|0|1|1|0|0|1|0|0|0|0|0|0|0|0|1|1|0|0|0|0|0|0|0|0|0|0|0|0|0|0|0|0|0|0|0|0|0|0|0|0|0|0|0|0|0|0|0|0|0|0|0|0|0|0|0|0|0|0|0|0|0|0|0|0|0|1|0|0|0|0|0|0|0|0|0|0|0|0|0|0|0|1|0|0|0|0|0|0|0|0|1|0|0|0|0|0|0|1|1</HistCounts>
      </HistItem>
    </Histograms>
    <Metadata>
      <MDI key="RepresentationType">ATHEMATIC</MDI>
      <MDI key="STATISTICS_COVARIANCES">3028816.040474112</MDI>
      <MDI key="STATISTICS_MAXIMUM">63406.27734375</MDI>
      <MDI key="STATISTICS_MEAN">382.64742611563</MDI>
      <MDI key="STATISTICS_MINIMUM">0.21095165610313</MDI>
      <MDI key="STATISTICS_SKIPFACTORX">1</MDI>
      <MDI key="STATISTICS_SKIPFACTORY">1</MDI>
      <MDI key="STATISTICS_STDDEV">1740.3494018369</MDI>
    </Metadata>
  </PAMRasterBand>
</PAMDataset>
